<?xml version="1.0" encoding="utf-8" standalone="yes"?>
<rss version="2.0" xmlns:atom="http://www.w3.org/2005/Atom">
  <channel>
    <title>Preisinformationen | aspose.com</title>
    <link>https://purchase-qa.aspose.com/pricing/de/</link>
    <description>Recent content on Preisinformationen | aspose.com</description>
    <generator>Hugo -- gohugo.io</generator>
    <language>de</language>
    <lastBuildDate>Thu, 27 Apr 2023 00:00:00 +0000</lastBuildDate><atom:link href="https://purchase-qa.aspose.com/pricing/de/index.xml" rel="self" type="application/rss+xml" />
    <item>
      <title></title>
      <link>https://purchase-qa.aspose.com/pricing/de/knowledgebase/api-purchase-guide/</link>
      <pubDate>Sat, 15 Apr 2023 00:00:00 +0000</pubDate>
      
      <guid>https://purchase-qa.aspose.com/pricing/de/knowledgebase/api-purchase-guide/</guid>
      <description>Managing files can be a daunting task, especially when dealing with a large volume of documents. As your business grows, so does the need for a better file management system. That&amp;rsquo;s where Aspose comes in. Aspose provides a range of file management tools that can help simplify the process and increase efficiency. In this article, we will discuss how to purchase an API from Aspose to improve your file management experience.</description>
    </item>
    
    <item>
      <title></title>
      <link>https://purchase-qa.aspose.com/pricing/de/aspose-3d-for-net/</link>
      <pubDate>Mon, 01 Jan 0001 00:00:00 +0000</pubDate>
      
      <guid>https://purchase-qa.aspose.com/pricing/de/aspose-3d-for-net/</guid>
      <description></description>
    </item>
    
    <item>
      <title></title>
      <link>https://purchase-qa.aspose.com/pricing/de/aspose-barcode-for-net/</link>
      <pubDate>Mon, 01 Jan 0001 00:00:00 +0000</pubDate>
      
      <guid>https://purchase-qa.aspose.com/pricing/de/aspose-barcode-for-net/</guid>
      <description></description>
    </item>
    
    <item>
      <title></title>
      <link>https://purchase-qa.aspose.com/pricing/de/aspose-cad-for-net/</link>
      <pubDate>Mon, 01 Jan 0001 00:00:00 +0000</pubDate>
      
      <guid>https://purchase-qa.aspose.com/pricing/de/aspose-cad-for-net/</guid>
      <description></description>
    </item>
    
    <item>
      <title></title>
      <link>https://purchase-qa.aspose.com/pricing/de/aspose-cells-for-net/</link>
      <pubDate>Mon, 01 Jan 0001 00:00:00 +0000</pubDate>
      
      <guid>https://purchase-qa.aspose.com/pricing/de/aspose-cells-for-net/</guid>
      <description></description>
    </item>
    
    <item>
      <title></title>
      <link>https://purchase-qa.aspose.com/pricing/de/aspose-diagram-for-net/</link>
      <pubDate>Mon, 01 Jan 0001 00:00:00 +0000</pubDate>
      
      <guid>https://purchase-qa.aspose.com/pricing/de/aspose-diagram-for-net/</guid>
      <description></description>
    </item>
    
    <item>
      <title></title>
      <link>https://purchase-qa.aspose.com/pricing/de/aspose-drawing-for-net/</link>
      <pubDate>Mon, 01 Jan 0001 00:00:00 +0000</pubDate>
      
      <guid>https://purchase-qa.aspose.com/pricing/de/aspose-drawing-for-net/</guid>
      <description></description>
    </item>
    
    <item>
      <title></title>
      <link>https://purchase-qa.aspose.com/pricing/de/aspose-email-for-net/</link>
      <pubDate>Mon, 01 Jan 0001 00:00:00 +0000</pubDate>
      
      <guid>https://purchase-qa.aspose.com/pricing/de/aspose-email-for-net/</guid>
      <description></description>
    </item>
    
    <item>
      <title></title>
      <link>https://purchase-qa.aspose.com/pricing/de/aspose-finance-for-net/</link>
      <pubDate>Mon, 01 Jan 0001 00:00:00 +0000</pubDate>
      
      <guid>https://purchase-qa.aspose.com/pricing/de/aspose-finance-for-net/</guid>
      <description></description>
    </item>
    
    <item>
      <title></title>
      <link>https://purchase-qa.aspose.com/pricing/de/aspose-font-for-net/</link>
      <pubDate>Mon, 01 Jan 0001 00:00:00 +0000</pubDate>
      
      <guid>https://purchase-qa.aspose.com/pricing/de/aspose-font-for-net/</guid>
      <description></description>
    </item>
    
    <item>
      <title></title>
      <link>https://purchase-qa.aspose.com/pricing/de/aspose-gis-for-net/</link>
      <pubDate>Mon, 01 Jan 0001 00:00:00 +0000</pubDate>
      
      <guid>https://purchase-qa.aspose.com/pricing/de/aspose-gis-for-net/</guid>
      <description></description>
    </item>
    
    <item>
      <title></title>
      <link>https://purchase-qa.aspose.com/pricing/de/aspose-html-for-net/</link>
      <pubDate>Mon, 01 Jan 0001 00:00:00 +0000</pubDate>
      
      <guid>https://purchase-qa.aspose.com/pricing/de/aspose-html-for-net/</guid>
      <description></description>
    </item>
    
    <item>
      <title></title>
      <link>https://purchase-qa.aspose.com/pricing/de/aspose-imaging-for-net/</link>
      <pubDate>Mon, 01 Jan 0001 00:00:00 +0000</pubDate>
      
      <guid>https://purchase-qa.aspose.com/pricing/de/aspose-imaging-for-net/</guid>
      <description></description>
    </item>
    
    <item>
      <title></title>
      <link>https://purchase-qa.aspose.com/pricing/de/aspose-note-for-net/</link>
      <pubDate>Mon, 01 Jan 0001 00:00:00 +0000</pubDate>
      
      <guid>https://purchase-qa.aspose.com/pricing/de/aspose-note-for-net/</guid>
      <description></description>
    </item>
    
    <item>
      <title></title>
      <link>https://purchase-qa.aspose.com/pricing/de/aspose-ocr-for-net/</link>
      <pubDate>Mon, 01 Jan 0001 00:00:00 +0000</pubDate>
      
      <guid>https://purchase-qa.aspose.com/pricing/de/aspose-ocr-for-net/</guid>
      <description></description>
    </item>
    
    <item>
      <title></title>
      <link>https://purchase-qa.aspose.com/pricing/de/aspose-omr-for-net/</link>
      <pubDate>Mon, 01 Jan 0001 00:00:00 +0000</pubDate>
      
      <guid>https://purchase-qa.aspose.com/pricing/de/aspose-omr-for-net/</guid>
      <description></description>
    </item>
    
    <item>
      <title></title>
      <link>https://purchase-qa.aspose.com/pricing/de/aspose-page-for-net/</link>
      <pubDate>Mon, 01 Jan 0001 00:00:00 +0000</pubDate>
      
      <guid>https://purchase-qa.aspose.com/pricing/de/aspose-page-for-net/</guid>
      <description></description>
    </item>
    
    <item>
      <title></title>
      <link>https://purchase-qa.aspose.com/pricing/de/aspose-pdf-for-net/</link>
      <pubDate>Mon, 01 Jan 0001 00:00:00 +0000</pubDate>
      
      <guid>https://purchase-qa.aspose.com/pricing/de/aspose-pdf-for-net/</guid>
      <description></description>
    </item>
    
    <item>
      <title></title>
      <link>https://purchase-qa.aspose.com/pricing/de/aspose-psd-for-net/</link>
      <pubDate>Mon, 01 Jan 0001 00:00:00 +0000</pubDate>
      
      <guid>https://purchase-qa.aspose.com/pricing/de/aspose-psd-for-net/</guid>
      <description></description>
    </item>
    
    <item>
      <title></title>
      <link>https://purchase-qa.aspose.com/pricing/de/aspose-pub-for-net/</link>
      <pubDate>Mon, 01 Jan 0001 00:00:00 +0000</pubDate>
      
      <guid>https://purchase-qa.aspose.com/pricing/de/aspose-pub-for-net/</guid>
      <description></description>
    </item>
    
    <item>
      <title></title>
      <link>https://purchase-qa.aspose.com/pricing/de/aspose-slides-for-net/</link>
      <pubDate>Mon, 01 Jan 0001 00:00:00 +0000</pubDate>
      
      <guid>https://purchase-qa.aspose.com/pricing/de/aspose-slides-for-net/</guid>
      <description></description>
    </item>
    
    <item>
      <title></title>
      <link>https://purchase-qa.aspose.com/pricing/de/aspose-svg-for-net/</link>
      <pubDate>Mon, 01 Jan 0001 00:00:00 +0000</pubDate>
      
      <guid>https://purchase-qa.aspose.com/pricing/de/aspose-svg-for-net/</guid>
      <description></description>
    </item>
    
    <item>
      <title></title>
      <link>https://purchase-qa.aspose.com/pricing/de/aspose-tasks-for-net/</link>
      <pubDate>Mon, 01 Jan 0001 00:00:00 +0000</pubDate>
      
      <guid>https://purchase-qa.aspose.com/pricing/de/aspose-tasks-for-net/</guid>
      <description></description>
    </item>
    
    <item>
      <title></title>
      <link>https://purchase-qa.aspose.com/pricing/de/aspose-tex-for-net/</link>
      <pubDate>Mon, 01 Jan 0001 00:00:00 +0000</pubDate>
      
      <guid>https://purchase-qa.aspose.com/pricing/de/aspose-tex-for-net/</guid>
      <description></description>
    </item>
    
    <item>
      <title></title>
      <link>https://purchase-qa.aspose.com/pricing/de/aspose-total-for-net/</link>
      <pubDate>Mon, 01 Jan 0001 00:00:00 +0000</pubDate>
      
      <guid>https://purchase-qa.aspose.com/pricing/de/aspose-total-for-net/</guid>
      <description></description>
    </item>
    
    <item>
      <title></title>
      <link>https://purchase-qa.aspose.com/pricing/de/aspose-words-for-net/</link>
      <pubDate>Mon, 01 Jan 0001 00:00:00 +0000</pubDate>
      
      <guid>https://purchase-qa.aspose.com/pricing/de/aspose-words-for-net/</guid>
      <description></description>
    </item>
    
    <item>
      <title></title>
      <link>https://purchase-qa.aspose.com/pricing/de/aspose-zip-for-net/</link>
      <pubDate>Mon, 01 Jan 0001 00:00:00 +0000</pubDate>
      
      <guid>https://purchase-qa.aspose.com/pricing/de/aspose-zip-for-net/</guid>
      <description></description>
    </item>
    
    <item>
      <title></title>
      <link>https://purchase-qa.aspose.com/pricing/de/knowledgebase/why-choose-aspose-api/</link>
      <pubDate>Sun, 16 Apr 2023 00:00:00 +0000</pubDate>
      
      <guid>https://purchase-qa.aspose.com/pricing/de/knowledgebase/why-choose-aspose-api/</guid>
      <description>Aspose is a leading company that specializes in providing file format APIs for developers. Aspose APIs offer numerous benefits and advantages, making them an increasingly popular choice among developers. In this article, we will discuss why Aspose APIs are a preferred choice for developers and how they can streamline file-processing workflows.
Ease of Use: Simplifying the Integration Process Aspose APIs are designed to be simple and intuitive, allowing developers to integrate them into their applications without spending a significant amount of time learning how to use them.</description>
    </item>
    
    <item>
      <title></title>
      <link>https://purchase-qa.aspose.com/pricing/de/aspose-3d-for-java/</link>
      <pubDate>Mon, 01 Jan 0001 00:00:00 +0000</pubDate>
      
      <guid>https://purchase-qa.aspose.com/pricing/de/aspose-3d-for-java/</guid>
      <description></description>
    </item>
    
    <item>
      <title></title>
      <link>https://purchase-qa.aspose.com/pricing/de/aspose-barcode-for-java/</link>
      <pubDate>Mon, 01 Jan 0001 00:00:00 +0000</pubDate>
      
      <guid>https://purchase-qa.aspose.com/pricing/de/aspose-barcode-for-java/</guid>
      <description></description>
    </item>
    
    <item>
      <title></title>
      <link>https://purchase-qa.aspose.com/pricing/de/aspose-cad-for-java/</link>
      <pubDate>Mon, 01 Jan 0001 00:00:00 +0000</pubDate>
      
      <guid>https://purchase-qa.aspose.com/pricing/de/aspose-cad-for-java/</guid>
      <description></description>
    </item>
    
    <item>
      <title></title>
      <link>https://purchase-qa.aspose.com/pricing/de/aspose-cells-for-java/</link>
      <pubDate>Mon, 01 Jan 0001 00:00:00 +0000</pubDate>
      
      <guid>https://purchase-qa.aspose.com/pricing/de/aspose-cells-for-java/</guid>
      <description></description>
    </item>
    
    <item>
      <title></title>
      <link>https://purchase-qa.aspose.com/pricing/de/aspose-diagram-for-java/</link>
      <pubDate>Mon, 01 Jan 0001 00:00:00 +0000</pubDate>
      
      <guid>https://purchase-qa.aspose.com/pricing/de/aspose-diagram-for-java/</guid>
      <description></description>
    </item>
    
    <item>
      <title></title>
      <link>https://purchase-qa.aspose.com/pricing/de/aspose-email-for-java/</link>
      <pubDate>Mon, 01 Jan 0001 00:00:00 +0000</pubDate>
      
      <guid>https://purchase-qa.aspose.com/pricing/de/aspose-email-for-java/</guid>
      <description></description>
    </item>
    
    <item>
      <title></title>
      <link>https://purchase-qa.aspose.com/pricing/de/aspose-font-for-java/</link>
      <pubDate>Mon, 01 Jan 0001 00:00:00 +0000</pubDate>
      
      <guid>https://purchase-qa.aspose.com/pricing/de/aspose-font-for-java/</guid>
      <description></description>
    </item>
    
    <item>
      <title></title>
      <link>https://purchase-qa.aspose.com/pricing/de/aspose-html-for-java/</link>
      <pubDate>Mon, 01 Jan 0001 00:00:00 +0000</pubDate>
      
      <guid>https://purchase-qa.aspose.com/pricing/de/aspose-html-for-java/</guid>
      <description></description>
    </item>
    
    <item>
      <title></title>
      <link>https://purchase-qa.aspose.com/pricing/de/aspose-imaging-for-java/</link>
      <pubDate>Mon, 01 Jan 0001 00:00:00 +0000</pubDate>
      
      <guid>https://purchase-qa.aspose.com/pricing/de/aspose-imaging-for-java/</guid>
      <description></description>
    </item>
    
    <item>
      <title></title>
      <link>https://purchase-qa.aspose.com/pricing/de/aspose-note-for-java/</link>
      <pubDate>Mon, 01 Jan 0001 00:00:00 +0000</pubDate>
      
      <guid>https://purchase-qa.aspose.com/pricing/de/aspose-note-for-java/</guid>
      <description></description>
    </item>
    
    <item>
      <title></title>
      <link>https://purchase-qa.aspose.com/pricing/de/aspose-ocr-for-java/</link>
      <pubDate>Mon, 01 Jan 0001 00:00:00 +0000</pubDate>
      
      <guid>https://purchase-qa.aspose.com/pricing/de/aspose-ocr-for-java/</guid>
      <description></description>
    </item>
    
    <item>
      <title></title>
      <link>https://purchase-qa.aspose.com/pricing/de/aspose-omr-for-java/</link>
      <pubDate>Mon, 01 Jan 0001 00:00:00 +0000</pubDate>
      
      <guid>https://purchase-qa.aspose.com/pricing/de/aspose-omr-for-java/</guid>
      <description></description>
    </item>
    
    <item>
      <title></title>
      <link>https://purchase-qa.aspose.com/pricing/de/aspose-page-for-java/</link>
      <pubDate>Mon, 01 Jan 0001 00:00:00 +0000</pubDate>
      
      <guid>https://purchase-qa.aspose.com/pricing/de/aspose-page-for-java/</guid>
      <description></description>
    </item>
    
    <item>
      <title></title>
      <link>https://purchase-qa.aspose.com/pricing/de/aspose-pdf-for-java/</link>
      <pubDate>Mon, 01 Jan 0001 00:00:00 +0000</pubDate>
      
      <guid>https://purchase-qa.aspose.com/pricing/de/aspose-pdf-for-java/</guid>
      <description></description>
    </item>
    
    <item>
      <title></title>
      <link>https://purchase-qa.aspose.com/pricing/de/aspose-psd-for-java/</link>
      <pubDate>Mon, 01 Jan 0001 00:00:00 +0000</pubDate>
      
      <guid>https://purchase-qa.aspose.com/pricing/de/aspose-psd-for-java/</guid>
      <description></description>
    </item>
    
    <item>
      <title></title>
      <link>https://purchase-qa.aspose.com/pricing/de/aspose-pub-for-java/</link>
      <pubDate>Mon, 01 Jan 0001 00:00:00 +0000</pubDate>
      
      <guid>https://purchase-qa.aspose.com/pricing/de/aspose-pub-for-java/</guid>
      <description></description>
    </item>
    
    <item>
      <title></title>
      <link>https://purchase-qa.aspose.com/pricing/de/aspose-slides-for-java/</link>
      <pubDate>Mon, 01 Jan 0001 00:00:00 +0000</pubDate>
      
      <guid>https://purchase-qa.aspose.com/pricing/de/aspose-slides-for-java/</guid>
      <description></description>
    </item>
    
    <item>
      <title></title>
      <link>https://purchase-qa.aspose.com/pricing/de/aspose-tasks-for-java/</link>
      <pubDate>Mon, 01 Jan 0001 00:00:00 +0000</pubDate>
      
      <guid>https://purchase-qa.aspose.com/pricing/de/aspose-tasks-for-java/</guid>
      <description></description>
    </item>
    
    <item>
      <title></title>
      <link>https://purchase-qa.aspose.com/pricing/de/aspose-tex-for-java/</link>
      <pubDate>Mon, 01 Jan 0001 00:00:00 +0000</pubDate>
      
      <guid>https://purchase-qa.aspose.com/pricing/de/aspose-tex-for-java/</guid>
      <description></description>
    </item>
    
    <item>
      <title></title>
      <link>https://purchase-qa.aspose.com/pricing/de/aspose-total-for-java/</link>
      <pubDate>Mon, 01 Jan 0001 00:00:00 +0000</pubDate>
      
      <guid>https://purchase-qa.aspose.com/pricing/de/aspose-total-for-java/</guid>
      <description></description>
    </item>
    
    <item>
      <title></title>
      <link>https://purchase-qa.aspose.com/pricing/de/aspose-words-for-java/</link>
      <pubDate>Mon, 01 Jan 0001 00:00:00 +0000</pubDate>
      
      <guid>https://purchase-qa.aspose.com/pricing/de/aspose-words-for-java/</guid>
      <description></description>
    </item>
    
    <item>
      <title></title>
      <link>https://purchase-qa.aspose.com/pricing/de/knowledgebase/choose-the-right-file-format-api/</link>
      <pubDate>Mon, 17 Apr 2023 00:00:00 +0000</pubDate>
      
      <guid>https://purchase-qa.aspose.com/pricing/de/knowledgebase/choose-the-right-file-format-api/</guid>
      <description>In today&amp;rsquo;s business world, data is everything. Whether it is financial reports, customer data, or marketing strategies, every organization has a plethora of data to manage. However, data is only useful if it can be accessed and processed efficiently. This is where file format APIs come into play. These APIs allow businesses to access, modify, and convert different file formats with ease. But how do you choose the right file format API for your business needs?</description>
    </item>
    
    <item>
      <title></title>
      <link>https://purchase-qa.aspose.com/pricing/de/aspose-barcode-for-cpp/</link>
      <pubDate>Mon, 01 Jan 0001 00:00:00 +0000</pubDate>
      
      <guid>https://purchase-qa.aspose.com/pricing/de/aspose-barcode-for-cpp/</guid>
      <description></description>
    </item>
    
    <item>
      <title></title>
      <link>https://purchase-qa.aspose.com/pricing/de/aspose-cells-for-cpp/</link>
      <pubDate>Mon, 01 Jan 0001 00:00:00 +0000</pubDate>
      
      <guid>https://purchase-qa.aspose.com/pricing/de/aspose-cells-for-cpp/</guid>
      <description></description>
    </item>
    
    <item>
      <title></title>
      <link>https://purchase-qa.aspose.com/pricing/de/aspose-email-for-cpp/</link>
      <pubDate>Mon, 01 Jan 0001 00:00:00 +0000</pubDate>
      
      <guid>https://purchase-qa.aspose.com/pricing/de/aspose-email-for-cpp/</guid>
      <description></description>
    </item>
    
    <item>
      <title></title>
      <link>https://purchase-qa.aspose.com/pricing/de/aspose-font-for-cpp/</link>
      <pubDate>Mon, 01 Jan 0001 00:00:00 +0000</pubDate>
      
      <guid>https://purchase-qa.aspose.com/pricing/de/aspose-font-for-cpp/</guid>
      <description></description>
    </item>
    
    <item>
      <title></title>
      <link>https://purchase-qa.aspose.com/pricing/de/aspose-ocr-for-cpp/</link>
      <pubDate>Mon, 01 Jan 0001 00:00:00 +0000</pubDate>
      
      <guid>https://purchase-qa.aspose.com/pricing/de/aspose-ocr-for-cpp/</guid>
      <description></description>
    </item>
    
    <item>
      <title></title>
      <link>https://purchase-qa.aspose.com/pricing/de/aspose-omr-for-cpp/</link>
      <pubDate>Mon, 01 Jan 0001 00:00:00 +0000</pubDate>
      
      <guid>https://purchase-qa.aspose.com/pricing/de/aspose-omr-for-cpp/</guid>
      <description></description>
    </item>
    
    <item>
      <title></title>
      <link>https://purchase-qa.aspose.com/pricing/de/aspose-page-for-cpp/</link>
      <pubDate>Mon, 01 Jan 0001 00:00:00 +0000</pubDate>
      
      <guid>https://purchase-qa.aspose.com/pricing/de/aspose-page-for-cpp/</guid>
      <description></description>
    </item>
    
    <item>
      <title></title>
      <link>https://purchase-qa.aspose.com/pricing/de/aspose-pdf-for-cpp/</link>
      <pubDate>Mon, 01 Jan 0001 00:00:00 +0000</pubDate>
      
      <guid>https://purchase-qa.aspose.com/pricing/de/aspose-pdf-for-cpp/</guid>
      <description></description>
    </item>
    
    <item>
      <title></title>
      <link>https://purchase-qa.aspose.com/pricing/de/aspose-pub-for-cpp/</link>
      <pubDate>Mon, 01 Jan 0001 00:00:00 +0000</pubDate>
      
      <guid>https://purchase-qa.aspose.com/pricing/de/aspose-pub-for-cpp/</guid>
      <description></description>
    </item>
    
    <item>
      <title></title>
      <link>https://purchase-qa.aspose.com/pricing/de/aspose-slides-for-cpp/</link>
      <pubDate>Mon, 01 Jan 0001 00:00:00 +0000</pubDate>
      
      <guid>https://purchase-qa.aspose.com/pricing/de/aspose-slides-for-cpp/</guid>
      <description></description>
    </item>
    
    <item>
      <title></title>
      <link>https://purchase-qa.aspose.com/pricing/de/aspose-tasks-for-cpp/</link>
      <pubDate>Mon, 01 Jan 0001 00:00:00 +0000</pubDate>
      
      <guid>https://purchase-qa.aspose.com/pricing/de/aspose-tasks-for-cpp/</guid>
      <description></description>
    </item>
    
    <item>
      <title></title>
      <link>https://purchase-qa.aspose.com/pricing/de/aspose-tex-for-cpp/</link>
      <pubDate>Mon, 01 Jan 0001 00:00:00 +0000</pubDate>
      
      <guid>https://purchase-qa.aspose.com/pricing/de/aspose-tex-for-cpp/</guid>
      <description></description>
    </item>
    
    <item>
      <title></title>
      <link>https://purchase-qa.aspose.com/pricing/de/aspose-total-for-cpp/</link>
      <pubDate>Mon, 01 Jan 0001 00:00:00 +0000</pubDate>
      
      <guid>https://purchase-qa.aspose.com/pricing/de/aspose-total-for-cpp/</guid>
      <description></description>
    </item>
    
    <item>
      <title></title>
      <link>https://purchase-qa.aspose.com/pricing/de/aspose-words-for-cpp/</link>
      <pubDate>Mon, 01 Jan 0001 00:00:00 +0000</pubDate>
      
      <guid>https://purchase-qa.aspose.com/pricing/de/aspose-words-for-cpp/</guid>
      <description></description>
    </item>
    
    <item>
      <title></title>
      <link>https://purchase-qa.aspose.com/pricing/de/knowledgebase/unlock-the-full-potential-of-file-format-api/</link>
      <pubDate>Mon, 17 Apr 2023 00:00:00 +0000</pubDate>
      
      <guid>https://purchase-qa.aspose.com/pricing/de/knowledgebase/unlock-the-full-potential-of-file-format-api/</guid>
      <description>In today&amp;rsquo;s digital world, the ability to manage and manipulate files is critical. Whether you&amp;rsquo;re working with PDFs, Word documents, Excel spreadsheets, or any other type of file, it&amp;rsquo;s essential to have tools that allow you to unlock their full potential. That&amp;rsquo;s where Aspose File Format APIcomes in.
Overview of Aspose File Format API: A versatile tool for managing and manipulating files Aspose File Format API is a collection of libraries that allows developers to create, read, edit, and convert various file formats.</description>
    </item>
    
    <item>
      <title></title>
      <link>https://purchase-qa.aspose.com/pricing/de/aspose-barcode-for-android-via-java/</link>
      <pubDate>Mon, 01 Jan 0001 00:00:00 +0000</pubDate>
      
      <guid>https://purchase-qa.aspose.com/pricing/de/aspose-barcode-for-android-via-java/</guid>
      <description></description>
    </item>
    
    <item>
      <title></title>
      <link>https://purchase-qa.aspose.com/pricing/de/aspose-cells-for-android-via-java/</link>
      <pubDate>Mon, 01 Jan 0001 00:00:00 +0000</pubDate>
      
      <guid>https://purchase-qa.aspose.com/pricing/de/aspose-cells-for-android-via-java/</guid>
      <description></description>
    </item>
    
    <item>
      <title></title>
      <link>https://purchase-qa.aspose.com/pricing/de/aspose-email-for-android-via-java/</link>
      <pubDate>Mon, 01 Jan 0001 00:00:00 +0000</pubDate>
      
      <guid>https://purchase-qa.aspose.com/pricing/de/aspose-email-for-android-via-java/</guid>
      <description></description>
    </item>
    
    <item>
      <title></title>
      <link>https://purchase-qa.aspose.com/pricing/de/aspose-ocr-for-python-via-net/</link>
      <pubDate>Mon, 01 Jan 0001 00:00:00 +0000</pubDate>
      
      <guid>https://purchase-qa.aspose.com/pricing/de/aspose-ocr-for-python-via-net/</guid>
      <description></description>
    </item>
    
    <item>
      <title></title>
      <link>https://purchase-qa.aspose.com/pricing/de/aspose-pdf-for-android-via-java/</link>
      <pubDate>Mon, 01 Jan 0001 00:00:00 +0000</pubDate>
      
      <guid>https://purchase-qa.aspose.com/pricing/de/aspose-pdf-for-android-via-java/</guid>
      <description></description>
    </item>
    
    <item>
      <title></title>
      <link>https://purchase-qa.aspose.com/pricing/de/aspose-slides-for-python-via-net/</link>
      <pubDate>Mon, 01 Jan 0001 00:00:00 +0000</pubDate>
      
      <guid>https://purchase-qa.aspose.com/pricing/de/aspose-slides-for-python-via-net/</guid>
      <description></description>
    </item>
    
    <item>
      <title></title>
      <link>https://purchase-qa.aspose.com/pricing/de/aspose-total-for-android-via-java/</link>
      <pubDate>Mon, 01 Jan 0001 00:00:00 +0000</pubDate>
      
      <guid>https://purchase-qa.aspose.com/pricing/de/aspose-total-for-android-via-java/</guid>
      <description></description>
    </item>
    
    <item>
      <title></title>
      <link>https://purchase-qa.aspose.com/pricing/de/aspose-words-for-android-via-java/</link>
      <pubDate>Mon, 01 Jan 0001 00:00:00 +0000</pubDate>
      
      <guid>https://purchase-qa.aspose.com/pricing/de/aspose-words-for-android-via-java/</guid>
      <description></description>
    </item>
    
    <item>
      <title></title>
      <link>https://purchase-qa.aspose.com/pricing/de/knowledgebase/aspose-api-benefits/</link>
      <pubDate>Tue, 18 Apr 2023 00:00:00 +0000</pubDate>
      
      <guid>https://purchase-qa.aspose.com/pricing/de/knowledgebase/aspose-api-benefits/</guid>
      <description>Asposeis a leading software development company that provides a wide range of file format APIs, enabling users to work with various file formats. Aspose offers solutions that can be tailored to different industries, ranging from finance to healthcare and more. In this article, we will explore how Aspose File Format API can benefit different industries.
Finance In the financial industry, data is everything. The Aspose File Format API can help financial institutions to work with various file formats and extract data from them.</description>
    </item>
    
    <item>
      <title></title>
      <link>https://purchase-qa.aspose.com/pricing/de/aspose-barcode-for-sharepoint/</link>
      <pubDate>Mon, 01 Jan 0001 00:00:00 +0000</pubDate>
      
      <guid>https://purchase-qa.aspose.com/pricing/de/aspose-barcode-for-sharepoint/</guid>
      <description></description>
    </item>
    
    <item>
      <title></title>
      <link>https://purchase-qa.aspose.com/pricing/de/aspose-cad-for-javascript-via-net/</link>
      <pubDate>Mon, 01 Jan 0001 00:00:00 +0000</pubDate>
      
      <guid>https://purchase-qa.aspose.com/pricing/de/aspose-cad-for-javascript-via-net/</guid>
      <description></description>
    </item>
    
    <item>
      <title></title>
      <link>https://purchase-qa.aspose.com/pricing/de/aspose-cells-for-sharepoint/</link>
      <pubDate>Mon, 01 Jan 0001 00:00:00 +0000</pubDate>
      
      <guid>https://purchase-qa.aspose.com/pricing/de/aspose-cells-for-sharepoint/</guid>
      <description></description>
    </item>
    
    <item>
      <title></title>
      <link>https://purchase-qa.aspose.com/pricing/de/aspose-email-for-sharepoint/</link>
      <pubDate>Mon, 01 Jan 0001 00:00:00 +0000</pubDate>
      
      <guid>https://purchase-qa.aspose.com/pricing/de/aspose-email-for-sharepoint/</guid>
      <description></description>
    </item>
    
    <item>
      <title></title>
      <link>https://purchase-qa.aspose.com/pricing/de/aspose-imaging-for-sharepoint/</link>
      <pubDate>Mon, 01 Jan 0001 00:00:00 +0000</pubDate>
      
      <guid>https://purchase-qa.aspose.com/pricing/de/aspose-imaging-for-sharepoint/</guid>
      <description></description>
    </item>
    
    <item>
      <title></title>
      <link>https://purchase-qa.aspose.com/pricing/de/aspose-pdf-for-python-via-net/</link>
      <pubDate>Mon, 01 Jan 0001 00:00:00 +0000</pubDate>
      
      <guid>https://purchase-qa.aspose.com/pricing/de/aspose-pdf-for-python-via-net/</guid>
      <description></description>
    </item>
    
    <item>
      <title></title>
      <link>https://purchase-qa.aspose.com/pricing/de/aspose-slides-for-android-via-java/</link>
      <pubDate>Mon, 01 Jan 0001 00:00:00 +0000</pubDate>
      
      <guid>https://purchase-qa.aspose.com/pricing/de/aspose-slides-for-android-via-java/</guid>
      <description></description>
    </item>
    
    <item>
      <title></title>
      <link>https://purchase-qa.aspose.com/pricing/de/aspose-total-for-sharepoint/</link>
      <pubDate>Mon, 01 Jan 0001 00:00:00 +0000</pubDate>
      
      <guid>https://purchase-qa.aspose.com/pricing/de/aspose-total-for-sharepoint/</guid>
      <description></description>
    </item>
    
    <item>
      <title></title>
      <link>https://purchase-qa.aspose.com/pricing/de/aspose-words-for-sharepoint/</link>
      <pubDate>Mon, 01 Jan 0001 00:00:00 +0000</pubDate>
      
      <guid>https://purchase-qa.aspose.com/pricing/de/aspose-words-for-sharepoint/</guid>
      <description></description>
    </item>
    
    <item>
      <title></title>
      <link>https://purchase-qa.aspose.com/pricing/de/knowledgebase/roi-of-using-aspose-api/</link>
      <pubDate>Tue, 18 Apr 2023 00:00:00 +0000</pubDate>
      
      <guid>https://purchase-qa.aspose.com/pricing/de/knowledgebase/roi-of-using-aspose-api/</guid>
      <description>As businesses continue to expand and grow, the need to handle different file formats becomes increasingly important. Whether it is to manage customer data, generate reports or handle financial information, businesses require powerful tools to deal with the different file formats that are used in the modern world. This is where the Aspose File Format API comes in. It provides businesses with a comprehensive solution to handle different file formats, including Microsoft Office documents, PDFs, and images.</description>
    </item>
    
    <item>
      <title></title>
      <link>https://purchase-qa.aspose.com/pricing/de/aspose-barcode-for-reporting-services/</link>
      <pubDate>Mon, 01 Jan 0001 00:00:00 +0000</pubDate>
      
      <guid>https://purchase-qa.aspose.com/pricing/de/aspose-barcode-for-reporting-services/</guid>
      <description></description>
    </item>
    
    <item>
      <title></title>
      <link>https://purchase-qa.aspose.com/pricing/de/aspose-cad-for-python-via-net/</link>
      <pubDate>Mon, 01 Jan 0001 00:00:00 +0000</pubDate>
      
      <guid>https://purchase-qa.aspose.com/pricing/de/aspose-cad-for-python-via-net/</guid>
      <description></description>
    </item>
    
    <item>
      <title></title>
      <link>https://purchase-qa.aspose.com/pricing/de/aspose-cells-for-reporting-services/</link>
      <pubDate>Mon, 01 Jan 0001 00:00:00 +0000</pubDate>
      
      <guid>https://purchase-qa.aspose.com/pricing/de/aspose-cells-for-reporting-services/</guid>
      <description></description>
    </item>
    
    <item>
      <title></title>
      <link>https://purchase-qa.aspose.com/pricing/de/aspose-pdf-for-python-via-java/</link>
      <pubDate>Mon, 01 Jan 0001 00:00:00 +0000</pubDate>
      
      <guid>https://purchase-qa.aspose.com/pricing/de/aspose-pdf-for-python-via-java/</guid>
      <description></description>
    </item>
    
    <item>
      <title></title>
      <link>https://purchase-qa.aspose.com/pricing/de/aspose-slides-for-sharepoint/</link>
      <pubDate>Mon, 01 Jan 0001 00:00:00 +0000</pubDate>
      
      <guid>https://purchase-qa.aspose.com/pricing/de/aspose-slides-for-sharepoint/</guid>
      <description></description>
    </item>
    
    <item>
      <title></title>
      <link>https://purchase-qa.aspose.com/pricing/de/aspose-total-for-reporting-services/</link>
      <pubDate>Mon, 01 Jan 0001 00:00:00 +0000</pubDate>
      
      <guid>https://purchase-qa.aspose.com/pricing/de/aspose-total-for-reporting-services/</guid>
      <description></description>
    </item>
    
    <item>
      <title></title>
      <link>https://purchase-qa.aspose.com/pricing/de/aspose-words-for-reporting-services/</link>
      <pubDate>Mon, 01 Jan 0001 00:00:00 +0000</pubDate>
      
      <guid>https://purchase-qa.aspose.com/pricing/de/aspose-words-for-reporting-services/</guid>
      <description></description>
    </item>
    
    <item>
      <title></title>
      <link>https://purchase-qa.aspose.com/pricing/de/knowledgebase/word-to-pdf-overlapping-text/</link>
      <pubDate>Wed, 26 Apr 2023 00:00:00 +0000</pubDate>
      
      <guid>https://purchase-qa.aspose.com/pricing/de/knowledgebase/word-to-pdf-overlapping-text/</guid>
      <description>Are you tired of encountering the problem of overlapping text when converting Word documentsto PDF? This issue can be frustrating, especially when you are working on a deadline and need to deliver a polished document.
There are several reasons why Word to PDF conversion can result in text overlap. Let&amp;rsquo;s take a closer look.
Why Does Text Overlap When Converting Word to PDF? One of the main reasons why text overlap occurs is due to differences in how Word and PDF files handle page layout and font sizes.</description>
    </item>
    
    <item>
      <title></title>
      <link>https://purchase-qa.aspose.com/pricing/de/aspose-barcode-for-jasperreports/</link>
      <pubDate>Mon, 01 Jan 0001 00:00:00 +0000</pubDate>
      
      <guid>https://purchase-qa.aspose.com/pricing/de/aspose-barcode-for-jasperreports/</guid>
      <description></description>
    </item>
    
    <item>
      <title></title>
      <link>https://purchase-qa.aspose.com/pricing/de/aspose-cells-for-jasperreports/</link>
      <pubDate>Mon, 01 Jan 0001 00:00:00 +0000</pubDate>
      
      <guid>https://purchase-qa.aspose.com/pricing/de/aspose-cells-for-jasperreports/</guid>
      <description></description>
    </item>
    
    <item>
      <title></title>
      <link>https://purchase-qa.aspose.com/pricing/de/aspose-imaging-for-jasperreports/</link>
      <pubDate>Mon, 01 Jan 0001 00:00:00 +0000</pubDate>
      
      <guid>https://purchase-qa.aspose.com/pricing/de/aspose-imaging-for-jasperreports/</guid>
      <description></description>
    </item>
    
    <item>
      <title></title>
      <link>https://purchase-qa.aspose.com/pricing/de/aspose-pdf-for-sharepoint/</link>
      <pubDate>Mon, 01 Jan 0001 00:00:00 +0000</pubDate>
      
      <guid>https://purchase-qa.aspose.com/pricing/de/aspose-pdf-for-sharepoint/</guid>
      <description></description>
    </item>
    
    <item>
      <title></title>
      <link>https://purchase-qa.aspose.com/pricing/de/aspose-slides-for-reporting-services/</link>
      <pubDate>Mon, 01 Jan 0001 00:00:00 +0000</pubDate>
      
      <guid>https://purchase-qa.aspose.com/pricing/de/aspose-slides-for-reporting-services/</guid>
      <description></description>
    </item>
    
    <item>
      <title></title>
      <link>https://purchase-qa.aspose.com/pricing/de/aspose-total-for-jasperreports/</link>
      <pubDate>Mon, 01 Jan 0001 00:00:00 +0000</pubDate>
      
      <guid>https://purchase-qa.aspose.com/pricing/de/aspose-total-for-jasperreports/</guid>
      <description></description>
    </item>
    
    <item>
      <title></title>
      <link>https://purchase-qa.aspose.com/pricing/de/aspose-words-for-jasperreports/</link>
      <pubDate>Mon, 01 Jan 0001 00:00:00 +0000</pubDate>
      
      <guid>https://purchase-qa.aspose.com/pricing/de/aspose-words-for-jasperreports/</guid>
      <description></description>
    </item>
    
    <item>
      <title></title>
      <link>https://purchase-qa.aspose.com/pricing/de/knowledgebase/user-guide-to-getting-started/</link>
      <pubDate>Wed, 26 Apr 2023 00:00:00 +0000</pubDate>
      
      <guid>https://purchase-qa.aspose.com/pricing/de/knowledgebase/user-guide-to-getting-started/</guid>
      <description>Introduction If you&amp;rsquo;re looking for a powerful and easy-to-use file format API, Asposehas got you covered. With its comprehensive range of features and intuitive user interface, Aspose makes it easy to work with a variety of file formats, including Microsoft Word, Excel, PowerPoint, PDF, and many more.
In this article, we&amp;rsquo;ll take a closer look at Aspose File Format API and show you how to get started using it.</description>
    </item>
    
    <item>
      <title></title>
      <link>https://purchase-qa.aspose.com/pricing/de/aspose-diagram-for-node-js-via-java/</link>
      <pubDate>Mon, 01 Jan 0001 00:00:00 +0000</pubDate>
      
      <guid>https://purchase-qa.aspose.com/pricing/de/aspose-diagram-for-node-js-via-java/</guid>
      <description></description>
    </item>
    
    <item>
      <title></title>
      <link>https://purchase-qa.aspose.com/pricing/de/aspose-diagram-for-python-via-java/</link>
      <pubDate>Mon, 01 Jan 0001 00:00:00 +0000</pubDate>
      
      <guid>https://purchase-qa.aspose.com/pricing/de/aspose-diagram-for-python-via-java/</guid>
      <description></description>
    </item>
    
    <item>
      <title></title>
      <link>https://purchase-qa.aspose.com/pricing/de/aspose-pdf-for-reporting-services/</link>
      <pubDate>Mon, 01 Jan 0001 00:00:00 +0000</pubDate>
      
      <guid>https://purchase-qa.aspose.com/pricing/de/aspose-pdf-for-reporting-services/</guid>
      <description></description>
    </item>
    
    <item>
      <title></title>
      <link>https://purchase-qa.aspose.com/pricing/de/aspose-slides-for-jasperreports/</link>
      <pubDate>Mon, 01 Jan 0001 00:00:00 +0000</pubDate>
      
      <guid>https://purchase-qa.aspose.com/pricing/de/aspose-slides-for-jasperreports/</guid>
      <description></description>
    </item>
    
    <item>
      <title></title>
      <link>https://purchase-qa.aspose.com/pricing/de/aspose-total-for-python-via-net/</link>
      <pubDate>Mon, 01 Jan 0001 00:00:00 +0000</pubDate>
      
      <guid>https://purchase-qa.aspose.com/pricing/de/aspose-total-for-python-via-net/</guid>
      <description></description>
    </item>
    
    <item>
      <title></title>
      <link>https://purchase-qa.aspose.com/pricing/de/aspose-words-for-python-via-net/</link>
      <pubDate>Mon, 01 Jan 0001 00:00:00 +0000</pubDate>
      
      <guid>https://purchase-qa.aspose.com/pricing/de/aspose-words-for-python-via-net/</guid>
      <description></description>
    </item>
    
    <item>
      <title></title>
      <link>https://purchase-qa.aspose.com/pricing/de/knowledgebase/merge-pdf-with-python/</link>
      <pubDate>Thu, 27 Apr 2023 00:00:00 +0000</pubDate>
      
      <guid>https://purchase-qa.aspose.com/pricing/de/knowledgebase/merge-pdf-with-python/</guid>
      <description>Have you ever found yourself with multiple PDF files that you need to combine into one cohesive document? Or perhaps you need to programmatically merge PDF documents in your Pythoncode? If so, you&amp;rsquo;re in luck! In this article, we will explore how to merge PDF documents using Python, specifically using the Aspose API.
Best Python Library to Merge PDF Files While there are many Python libraries available for merging PDF files, the Aspose API stands out for its ease of use and versatility.</description>
    </item>
    
    <item>
      <title></title>
      <link>https://purchase-qa.aspose.com/pricing/de/aspose-email-for-python-via-net/</link>
      <pubDate>Mon, 01 Jan 0001 00:00:00 +0000</pubDate>
      
      <guid>https://purchase-qa.aspose.com/pricing/de/aspose-email-for-python-via-net/</guid>
      <description></description>
    </item>
    
    <item>
      <title></title>
      <link>https://purchase-qa.aspose.com/pricing/de/aspose-pdf-for-jasperreports/</link>
      <pubDate>Mon, 01 Jan 0001 00:00:00 +0000</pubDate>
      
      <guid>https://purchase-qa.aspose.com/pricing/de/aspose-pdf-for-jasperreports/</guid>
      <description></description>
    </item>
    
    <item>
      <title></title>
      <link>https://purchase-qa.aspose.com/pricing/de/aspose-slides-for-php-via-java/</link>
      <pubDate>Mon, 01 Jan 0001 00:00:00 +0000</pubDate>
      
      <guid>https://purchase-qa.aspose.com/pricing/de/aspose-slides-for-php-via-java/</guid>
      <description></description>
    </item>
    
    <item>
      <title></title>
      <link>https://purchase-qa.aspose.com/pricing/de/aspose-total-for-python-via-java/</link>
      <pubDate>Mon, 01 Jan 0001 00:00:00 +0000</pubDate>
      
      <guid>https://purchase-qa.aspose.com/pricing/de/aspose-total-for-python-via-java/</guid>
      <description></description>
    </item>
    
    <item>
      <title></title>
      <link>https://purchase-qa.aspose.com/pricing/de/aspose-barcode-for-php-via-java/</link>
      <pubDate>Mon, 01 Jan 0001 00:00:00 +0000</pubDate>
      
      <guid>https://purchase-qa.aspose.com/pricing/de/aspose-barcode-for-php-via-java/</guid>
      <description></description>
    </item>
    
    <item>
      <title></title>
      <link>https://purchase-qa.aspose.com/pricing/de/aspose-cells-for-php-via-java/</link>
      <pubDate>Mon, 01 Jan 0001 00:00:00 +0000</pubDate>
      
      <guid>https://purchase-qa.aspose.com/pricing/de/aspose-cells-for-php-via-java/</guid>
      <description></description>
    </item>
    
    <item>
      <title></title>
      <link>https://purchase-qa.aspose.com/pricing/de/aspose-pdf-for-javascript-via-cpp/</link>
      <pubDate>Mon, 01 Jan 0001 00:00:00 +0000</pubDate>
      
      <guid>https://purchase-qa.aspose.com/pricing/de/aspose-pdf-for-javascript-via-cpp/</guid>
      <description></description>
    </item>
    
    <item>
      <title></title>
      <link>https://purchase-qa.aspose.com/pricing/de/aspose-total-for-node-js-via-java/</link>
      <pubDate>Mon, 01 Jan 0001 00:00:00 +0000</pubDate>
      
      <guid>https://purchase-qa.aspose.com/pricing/de/aspose-total-for-node-js-via-java/</guid>
      <description></description>
    </item>
    
    <item>
      <title></title>
      <link>https://purchase-qa.aspose.com/pricing/de/aspose-barcode-for-node-js-via-java/</link>
      <pubDate>Mon, 01 Jan 0001 00:00:00 +0000</pubDate>
      
      <guid>https://purchase-qa.aspose.com/pricing/de/aspose-barcode-for-node-js-via-java/</guid>
      <description></description>
    </item>
    
    <item>
      <title></title>
      <link>https://purchase-qa.aspose.com/pricing/de/aspose-cells-for-node-js-via-java/</link>
      <pubDate>Mon, 01 Jan 0001 00:00:00 +0000</pubDate>
      
      <guid>https://purchase-qa.aspose.com/pricing/de/aspose-cells-for-node-js-via-java/</guid>
      <description></description>
    </item>
    
    <item>
      <title></title>
      <link>https://purchase-qa.aspose.com/pricing/de/aspose-barcode-for-python-via-java/</link>
      <pubDate>Mon, 01 Jan 0001 00:00:00 +0000</pubDate>
      
      <guid>https://purchase-qa.aspose.com/pricing/de/aspose-barcode-for-python-via-java/</guid>
      <description></description>
    </item>
    
    <item>
      <title></title>
      <link>https://purchase-qa.aspose.com/pricing/de/aspose-cells-for-python-via-java/</link>
      <pubDate>Mon, 01 Jan 0001 00:00:00 +0000</pubDate>
      
      <guid>https://purchase-qa.aspose.com/pricing/de/aspose-cells-for-python-via-java/</guid>
      <description></description>
    </item>
    
    <item>
      <title></title>
      <link>https://purchase-qa.aspose.com/pricing/de/aspose-3d-for-python-via-net/</link>
      <pubDate>Mon, 01 Jan 0001 00:00:00 +0000</pubDate>
      
      <guid>https://purchase-qa.aspose.com/pricing/de/aspose-3d-for-python-via-net/</guid>
      <description></description>
    </item>
    
    <item>
      <title></title>
      <link>https://purchase-qa.aspose.com/pricing/de/aspose-barcode-for-python-via-net/</link>
      <pubDate>Mon, 01 Jan 0001 00:00:00 +0000</pubDate>
      
      <guid>https://purchase-qa.aspose.com/pricing/de/aspose-barcode-for-python-via-net/</guid>
      <description></description>
    </item>
    
    <item>
      <title></title>
      <link>https://purchase-qa.aspose.com/pricing/de/aspose-cells-for-python-via-net/</link>
      <pubDate>Mon, 01 Jan 0001 00:00:00 +0000</pubDate>
      
      <guid>https://purchase-qa.aspose.com/pricing/de/aspose-cells-for-python-via-net/</guid>
      <description></description>
    </item>
    
    <item>
      <title></title>
      <link>https://purchase-qa.aspose.com/pricing/de/aspose-tasks-for-python-via-net/</link>
      <pubDate>Mon, 01 Jan 0001 00:00:00 +0000</pubDate>
      
      <guid>https://purchase-qa.aspose.com/pricing/de/aspose-tasks-for-python-via-net/</guid>
      <description></description>
    </item>
    
    <item>
      <title></title>
      <link>https://purchase-qa.aspose.com/pricing/de/aspose-3d-product-family/</link>
      <pubDate>Mon, 01 Jan 0001 00:00:00 +0000</pubDate>
      
      <guid>https://purchase-qa.aspose.com/pricing/de/aspose-3d-product-family/</guid>
      <description></description>
    </item>
    
    <item>
      <title></title>
      <link>https://purchase-qa.aspose.com/pricing/de/aspose-barcode-product-family/</link>
      <pubDate>Mon, 01 Jan 0001 00:00:00 +0000</pubDate>
      
      <guid>https://purchase-qa.aspose.com/pricing/de/aspose-barcode-product-family/</guid>
      <description></description>
    </item>
    
    <item>
      <title></title>
      <link>https://purchase-qa.aspose.com/pricing/de/aspose-cad-product-family/</link>
      <pubDate>Mon, 01 Jan 0001 00:00:00 +0000</pubDate>
      
      <guid>https://purchase-qa.aspose.com/pricing/de/aspose-cad-product-family/</guid>
      <description></description>
    </item>
    
    <item>
      <title></title>
      <link>https://purchase-qa.aspose.com/pricing/de/aspose-cells-product-family/</link>
      <pubDate>Mon, 01 Jan 0001 00:00:00 +0000</pubDate>
      
      <guid>https://purchase-qa.aspose.com/pricing/de/aspose-cells-product-family/</guid>
      <description></description>
    </item>
    
    <item>
      <title></title>
      <link>https://purchase-qa.aspose.com/pricing/de/aspose-diagram-product-family/</link>
      <pubDate>Mon, 01 Jan 0001 00:00:00 +0000</pubDate>
      
      <guid>https://purchase-qa.aspose.com/pricing/de/aspose-diagram-product-family/</guid>
      <description></description>
    </item>
    
    <item>
      <title></title>
      <link>https://purchase-qa.aspose.com/pricing/de/aspose-email-product-family/</link>
      <pubDate>Mon, 01 Jan 0001 00:00:00 +0000</pubDate>
      
      <guid>https://purchase-qa.aspose.com/pricing/de/aspose-email-product-family/</guid>
      <description></description>
    </item>
    
    <item>
      <title></title>
      <link>https://purchase-qa.aspose.com/pricing/de/aspose-font-product-family/</link>
      <pubDate>Mon, 01 Jan 0001 00:00:00 +0000</pubDate>
      
      <guid>https://purchase-qa.aspose.com/pricing/de/aspose-font-product-family/</guid>
      <description></description>
    </item>
    
    <item>
      <title></title>
      <link>https://purchase-qa.aspose.com/pricing/de/aspose-html-product-family/</link>
      <pubDate>Mon, 01 Jan 0001 00:00:00 +0000</pubDate>
      
      <guid>https://purchase-qa.aspose.com/pricing/de/aspose-html-product-family/</guid>
      <description></description>
    </item>
    
    <item>
      <title></title>
      <link>https://purchase-qa.aspose.com/pricing/de/aspose-imaging-product-family/</link>
      <pubDate>Mon, 01 Jan 0001 00:00:00 +0000</pubDate>
      
      <guid>https://purchase-qa.aspose.com/pricing/de/aspose-imaging-product-family/</guid>
      <description></description>
    </item>
    
    <item>
      <title></title>
      <link>https://purchase-qa.aspose.com/pricing/de/aspose-note-product-family/</link>
      <pubDate>Mon, 01 Jan 0001 00:00:00 +0000</pubDate>
      
      <guid>https://purchase-qa.aspose.com/pricing/de/aspose-note-product-family/</guid>
      <description></description>
    </item>
    
    <item>
      <title></title>
      <link>https://purchase-qa.aspose.com/pricing/de/aspose-ocr-product-family/</link>
      <pubDate>Mon, 01 Jan 0001 00:00:00 +0000</pubDate>
      
      <guid>https://purchase-qa.aspose.com/pricing/de/aspose-ocr-product-family/</guid>
      <description></description>
    </item>
    
    <item>
      <title></title>
      <link>https://purchase-qa.aspose.com/pricing/de/aspose-omr-product-family/</link>
      <pubDate>Mon, 01 Jan 0001 00:00:00 +0000</pubDate>
      
      <guid>https://purchase-qa.aspose.com/pricing/de/aspose-omr-product-family/</guid>
      <description></description>
    </item>
    
    <item>
      <title></title>
      <link>https://purchase-qa.aspose.com/pricing/de/aspose-page-product-family/</link>
      <pubDate>Mon, 01 Jan 0001 00:00:00 +0000</pubDate>
      
      <guid>https://purchase-qa.aspose.com/pricing/de/aspose-page-product-family/</guid>
      <description></description>
    </item>
    
    <item>
      <title></title>
      <link>https://purchase-qa.aspose.com/pricing/de/aspose-pdf-product-family/</link>
      <pubDate>Mon, 01 Jan 0001 00:00:00 +0000</pubDate>
      
      <guid>https://purchase-qa.aspose.com/pricing/de/aspose-pdf-product-family/</guid>
      <description></description>
    </item>
    
    <item>
      <title></title>
      <link>https://purchase-qa.aspose.com/pricing/de/aspose-psd-product-family/</link>
      <pubDate>Mon, 01 Jan 0001 00:00:00 +0000</pubDate>
      
      <guid>https://purchase-qa.aspose.com/pricing/de/aspose-psd-product-family/</guid>
      <description></description>
    </item>
    
    <item>
      <title></title>
      <link>https://purchase-qa.aspose.com/pricing/de/aspose-pub-product-family/</link>
      <pubDate>Mon, 01 Jan 0001 00:00:00 +0000</pubDate>
      
      <guid>https://purchase-qa.aspose.com/pricing/de/aspose-pub-product-family/</guid>
      <description></description>
    </item>
    
    <item>
      <title></title>
      <link>https://purchase-qa.aspose.com/pricing/de/aspose-slides-product-family/</link>
      <pubDate>Mon, 01 Jan 0001 00:00:00 +0000</pubDate>
      
      <guid>https://purchase-qa.aspose.com/pricing/de/aspose-slides-product-family/</guid>
      <description></description>
    </item>
    
    <item>
      <title></title>
      <link>https://purchase-qa.aspose.com/pricing/de/aspose-tasks-product-family/</link>
      <pubDate>Mon, 01 Jan 0001 00:00:00 +0000</pubDate>
      
      <guid>https://purchase-qa.aspose.com/pricing/de/aspose-tasks-product-family/</guid>
      <description></description>
    </item>
    
    <item>
      <title></title>
      <link>https://purchase-qa.aspose.com/pricing/de/aspose-tex-product-family/</link>
      <pubDate>Mon, 01 Jan 0001 00:00:00 +0000</pubDate>
      
      <guid>https://purchase-qa.aspose.com/pricing/de/aspose-tex-product-family/</guid>
      <description></description>
    </item>
    
    <item>
      <title></title>
      <link>https://purchase-qa.aspose.com/pricing/de/aspose-total-product-family/</link>
      <pubDate>Mon, 01 Jan 0001 00:00:00 +0000</pubDate>
      
      <guid>https://purchase-qa.aspose.com/pricing/de/aspose-total-product-family/</guid>
      <description></description>
    </item>
    
    <item>
      <title></title>
      <link>https://purchase-qa.aspose.com/pricing/de/aspose-words-product-family/</link>
      <pubDate>Mon, 01 Jan 0001 00:00:00 +0000</pubDate>
      
      <guid>https://purchase-qa.aspose.com/pricing/de/aspose-words-product-family/</guid>
      <description></description>
    </item>
    
  </channel>
</rss>
