<?xml version="1.0" encoding="utf-8" standalone="yes"?>
<rss version="2.0" xmlns:atom="http://www.w3.org/2005/Atom">
  <channel>
    <title>Categories on Pricing information | aspose.com</title>
    <link>https://purchase-qa.aspose.com/pricing/es/categories/</link>
    <description>Recent content in Categories on Pricing information | aspose.com</description>
    <generator>Hugo -- gohugo.io</generator>
    <language>es</language>
    <lastBuildDate>Thu, 27 Apr 2023 00:00:00 +0000</lastBuildDate><atom:link href="https://purchase-qa.aspose.com/pricing/es/categories/index.xml" rel="self" type="application/rss+xml" />
    <item>
      <title>articles</title>
      <link>https://purchase-qa.aspose.com/pricing/es/categories/articles/</link>
      <pubDate>Thu, 27 Apr 2023 00:00:00 +0000</pubDate>
      
      <guid>https://purchase-qa.aspose.com/pricing/es/categories/articles/</guid>
      <description></description>
    </item>
    
  </channel>
</rss>
