<?xml version="1.0" encoding="utf-8" standalone="yes"?>
<rss version="2.0" xmlns:atom="http://www.w3.org/2005/Atom">
  <channel>
    <title>Metered-pricings on Pricing information | aspose.com</title>
    <link>https://purchase-qa.aspose.com/pricing/metered-pricing/</link>
    <description>Recent content in Metered-pricings on Pricing information | aspose.com</description>
    <generator>Hugo -- gohugo.io</generator>
    <language>en</language><atom:link href="https://purchase-qa.aspose.com/pricing/metered-pricing/index.xml" rel="self" type="application/rss+xml" />
  </channel>
</rss>
